round_id,scene_id,qx,qy,qz,qw,x,y,z,width,score,label,integration_time,planning_time
0,ef6e54e89705487bb4d49c242a696925,0.41304651102512274,0.8671084088300316,0.14615637134666587,-0.23696814592050022,0.24749999642372136,0.18749999552965166,0.12000000178813935,0.06313181519508362,0.97499245,1,0.0025467872619628906,3.1093924045562744
0,1a78e8a1725949afa14a7efab8c946fb,0.6282343502657383,0.7702365208784063,0.05857735345640275,0.09287624407434757,0.04500000178813935,0.10500000268220903,0.12750000134110454,0.06376588046550752,0.9444348,1,0.016399383544921875,2.753801107406616
0,673b2658613947f489bfc6109d0e8e2c,-0.02205768335162927,0.9980525018411548,0.04727700184033752,0.0341986442824781,0.1799999959766865,0.04500000178813935,0.1125000022351742,0.061069710552692426,0.7747208,1,0.0032095909118652344,2.8914568424224854
0,d90ad3bb2ca44a21b8604678061742cd,-0.27837745797491503,0.8288765383059032,0.1827719455285188,0.4495153958043786,0.06749999821186067,0.14999999608844522,0.09750000089406968,0.05568655729293824,0.65448487,1,0.0025429725646972656,2.8376834392547607
0,8be32f8524fe427aa28898c75f294767,-0.24307842201960203,0.950683280684797,0.1289715380326479,0.1431101776686236,0.14999999608844522,0.1125000022351742,0.1125000022351742,0.05163319408893586,0.85646486,0,0.0026144981384277344,2.9545681476593018
