round_id,scene_id,qx,qy,qz,qw,x,y,z,width,score,label,integration_time,planning_time
0,002a1ab120784a659053f9ee4464cdef,0.4130476588508641,0.8671052194180107,0.1461678103197538,-0.23697076022621957,0.24749999642372136,0.18749999552965166,0.12000000178813935,0.06313120722770692,0.97499394,1,0.002346038818359375,0.275144100189209
0,636db6ce7b0c4efbaaaa4705fdfe523a,0.6282490839346473,0.7702241831262033,0.058559940673614704,0.09288987894895698,0.04500000178813935,0.10500000268220903,0.12750000134110454,0.06376582682132721,0.9444061,1,0.014871597290039062,0.03264594078063965
