{
    "T_cam2gripper": [
        [
            0.9991652376017094,
            -0.04030248174258572,
            -0.0066736746780437315,
            -40.54574817279374
        ],
        [
            0.04080148969696968,
            0.9926045873764114,
            0.11433009908948875,
            40.446973303096556
        ],
        [
            0.0020165333689018666,
            -0.11450695649039312,
            0.993420399684081,
            -206.6061306302874
        ],
        [
            0.0,
            0.0,
            0.0,
            1.0
        ]
    ],
    "T_target2cam": [
        [
            -0.9999983275013872,
            0.0017194726893986912,
            -0.0006232239556709599,
            99.96357052457628
        ],
        [
            -0.0017181915952357593,
            -0.999996421973418,
            -0.002050331193745625,
            81.53214333873501
        ],
        [
            -0.0006267472142509477,
            -0.002049256946406964,
            0.9999977038643124,
            452.29150213735437
        ],
        [
            0.0,
            0.0,
            0.0,
            1.0
        ]
    ],
    "T_gripper2base": [
        [
            0.9999999772557402,
            -0.00021293091304967212,
            1.2204297300181208e-05,
            42.703
        ],
        [
            -0.000212930167118401,
            -0.9999999754644311,
            -6.108912383036772e-05,
            -363.88
        ],
        [
            1.2217304763656435e-05,
            6.108652377787714e-05,
            -0.9999999980595868,
            270.585
        ],
        [
            0.0,
            0.0,
            0.0,
            1.0
        ]
    ],
    "intrinsic_matrix": [
        [
            916.4649054371553,
            0.0,
            640.8886719430038
        ],
        [
            0.0,
            916.8738016595333,
            357.80990403428126
        ],
        [
            0.0,
            0.0,
            1.0
        ]
    ],
    "distortion_coefficients": [
        [
            0.05197561075580287,
            0.40467407294210117,
            0.0013788984905213505,
            0.00041663601779283395,
            -1.730244229033497
        ]
    ]
}