{
    "T_cam2gripper": [
        [
            0.9961911603623748,
            0.08472953630815407,
            0.020593146745235054,
            -35.041101612922304
        ],
        [
            -0.08424472642195709,
            0.9961710105845003,
            -0.023369718465249333,
            65.24517575004518
        ],
        [
            -0.0224944012135284,
            0.021545842941519202,
            0.9995147715596724,
            -195.45867527037012
        ],
        [
            0.0,
            0.0,
            0.0,
            1.0
        ]
    ],
    "T_target2cam": [
        [
            -0.9996278076038807,
            -0.027161089352808993,
            -0.002553720859422362,
            102.18106835440099
        ],
        [
            0.027163531198782478,
            -0.9996305739278681,
            -0.0009264132198502139,
            79.55759925722346
        ],
        [
            -0.002527615056113969,
            -0.0009954364921320221,
            0.9999963101273517,
            451.90659724583907
        ],
        [
            0.0,
            0.0,
            0.0,
            1.0
        ]
    ],
    "T_gripper2base": [
        [
            0.9966954779694802,
            -0.08121425844469807,
            -0.0015389673381390888,
            43.496
        ],
        [
            -0.0812287877438477,
            -0.9964947877111002,
            -0.020000552649242154,
            -364.37
        ],
        [
            9.075712097911465e-05,
            0.02005946883364457,
            -0.9997987844927888,
            271.541
        ],
        [
            0.0,
            0.0,
            0.0,
            1.0
        ]
    ],
    "intrinsic_matrix": [
        [
            917.1383804508955,
            0.0,
            642.3877415600282
        ],
        [
            0.0,
            917.5213106716271,
            356.9147568267616
        ],
        [
            0.0,
            0.0,
            1.0
        ]
    ],
    "distortion_coefficients": [
        [
            0.05114103196568895,
            0.4106033427356532,
            0.0011084331933259599,
            0.0009319013433681162,
            -1.6878657925551739
        ]
    ]
}