{
    "T_cam2gripper": [
        [
            0.999068828314189,
            -0.04266466335437978,
            -0.006418940081574907,
            -40.42107268488782
        ],
        [
            0.04311277963520542,
            0.9929495889921794,
            0.11041921006957099,
            42.04320497104931
        ],
        [
            0.0016626854902904433,
            -0.11059312917681312,
            0.9938643746788799,
            -205.55347247170664
        ],
        [
            0.0,
            0.0,
            0.0,
            1.0
        ]
    ],
    "T_target2cam": [
        [
            -0.9977110880026354,
            0.06761121965398427,
            -0.0011436142259480613,
            90.94763572907108
        ],
        [
            -0.06760920361457211,
            -0.9977104005716408,
            -0.001718190262757546,
            84.57010209045309
        ],
        [
            -0.0012571647467327046,
            -0.0016369386293927219,
            0.999997869982093,
            451.7561996949203
        ],
        [
            0.0,
            0.0,
            0.0,
            1.0
        ]
    ],
    "T_gripper2base": [
        [
            0.9999999772557402,
            -0.00021293091304967212,
            1.2204297300181208e-05,
            42.703
        ],
        [
            -0.000212930167118401,
            -0.9999999754644311,
            -6.108912383036772e-05,
            -363.88
        ],
        [
            1.2217304763656435e-05,
            6.108652377787714e-05,
            -0.9999999980595868,
            270.585
        ],
        [
            0.0,
            0.0,
            0.0,
            1.0
        ]
    ],
    "intrinsic_matrix": [
        [
            915.3763525244703,
            0.0,
            641.3980303081702
        ],
        [
            0.0,
            915.8333354498413,
            358.25402276740743
        ],
        [
            0.0,
            0.0,
            1.0
        ]
    ],
    "distortion_coefficients": [
        [
            0.060599220844829584,
            0.2921113689433078,
            0.0014877379024459054,
            0.0005182085169163462,
            -1.3665741031739014
        ]
    ]
}