round_id,scene_id,qx,qy,qz,qw,x,y,z,width,score,label,integration_time,planning_time
0,ab73f310dc3b4a65b445dab3a3d4a064,-0.7233477931693125,-0.6889552002328642,0.03594876207157201,-0.02857251642227845,0.11250000000000002,0.14250000000000002,0.12750000000000003,0.051352919340133675,0.9864631,1,0.0034017562866210938,0.1683189868927002
0,df06c72c5e32437184aea094cd9afa98,-0.7412160144756332,-0.6711895561662856,-0.0011417820514187222,0.010104252169722812,0.07500000000000001,0.06000000000000001,0.12000000000000002,0.06793892383575441,0.9905939,1,0.018896102905273438,0.0064275264739990234
