{
    "T_cam2gripper": [
        [
            0.999783883000957,
            0.002701019145798557,
            0.02061290341273468,
            -36.85159236725314
        ],
        [
            -0.0025398203359942124,
            0.9999660219659351,
            -0.007842463024061495,
            60.14467007799776
        ],
        [
            -0.020633385669578556,
            0.007788415063216081,
            0.9997567724134774,
            -142.2164709699165
        ],
        [
            0.0,
            0.0,
            0.0,
            1.0
        ]
    ],
    "T_target2cam": [
        [
            -0.9988600575143023,
            -0.047650989922110434,
            -0.0028228818551375586,
            104.7352488245038
        ],
        [
            0.047649446658692654,
            -0.9988639328316238,
            0.0006114910157273626,
            59.36594875934499
        ],
        [
            -0.002848813023969617,
            0.000476285192758744,
            0.9999958286996851,
            451.82579447488
        ],
        [
            0.0,
            0.0,
            0.0,
            1.0
        ]
    ],
    "T_gripper2base": [
        [
            0.9999999995232737,
            2.2580814625444572e-05,
            2.1060848378102194e-05,
            41.471
        ],
        [
            2.2689280269003215e-05,
            -0.9999866641099223,
            -0.00516440582312262,
            -363.472
        ],
        [
            2.094395102240078e-05,
            0.005164406298516103,
            -0.9999866641455449,
            325.829
        ],
        [
            0.0,
            0.0,
            0.0,
            1.0
        ]
    ],
    "intrinsic_matrix": [
        [
            915.985112760021,
            0.0,
            642.0510156995786
        ],
        [
            0.0,
            916.4070464447966,
            356.92398478798754
        ],
        [
            0.0,
            0.0,
            1.0
        ]
    ],
    "distortion_coefficients": [
        [
            0.023691871454995198,
            0.805574491205538,
            0.0010117076628381478,
            0.0007410462544896096,
            -3.08789909165363
        ]
    ]
}