{
    "T_cam2gripper": [
        [
            0.9990875285722622,
            -0.038426088766094664,
            0.018642584410680608,
            -43.75711119677472
        ],
        [
            0.03629785074611066,
            0.9939668022728112,
            0.10350102420157574,
            40.532817659133414
        ],
        [
            -0.022507249556136626,
            -0.10272989672778955,
            0.9944546204004059,
            -203.31098750199362
        ],
        [
            0.0,
            0.0,
            0.0,
            1.0
        ]
    ],
    "T_target2cam": [
        [
            -0.9999949299522858,
            -0.002994019283141413,
            -0.001084397646212966,
            100.25885849116311
        ],
        [
            0.002994104934607273,
            -0.9999955146646636,
            -7.737050311847364e-05,
            81.7904623838627
        ],
        [
            -0.001084161133547602,
            -8.06169111899339e-05,
            0.9999994090476003,
            451.3281525592867
        ],
        [
            0.0,
            0.0,
            0.0,
            1.0
        ]
    ],
    "T_gripper2base": [
        [
            0.9999999772557402,
            -0.00021293091304967212,
            1.2204297300181208e-05,
            42.703
        ],
        [
            -0.000212930167118401,
            -0.9999999754644311,
            -6.108912383036772e-05,
            -363.88
        ],
        [
            1.2217304763656435e-05,
            6.108652377787714e-05,
            -0.9999999980595868,
            270.585
        ],
        [
            0.0,
            0.0,
            0.0,
            1.0
        ]
    ],
    "intrinsic_matrix": [
        [
            916.1349583015432,
            0.0,
            641.3563646620145
        ],
        [
            0.0,
            916.544991879246,
            356.8093789903902
        ],
        [
            0.0,
            0.0,
            1.0
        ]
    ],
    "distortion_coefficients": [
        [
            0.05152006245118078,
            0.3864186234474445,
            0.0010884607174899167,
            0.00038792250319350636,
            -1.6327109149233894
        ]
    ]
}