round_id,scene_id,qx,qy,qz,qw,x,y,z,width,score,label,integration_time,planning_time
0,fcc35ed8ca2348cfb51035a7d9568b71,-0.7233477931693125,-0.6889552002328642,0.03594876207157201,-0.02857251642227845,0.11250000000000002,0.14250000000000002,0.12750000000000003,0.051352919340133675,0.9864631,1,0.0024547576904296875,0.15212440490722656
