{"tvec": [0.08504784612112229, -0.10665676824771116, 0.46045226560880786], "quaternion": [-0.0035845349338032204, 0.9993581452535539, -0.03160512492636581, 0.01647922034180507]}