round_id,scene_id,qx,qy,qz,qw,x,y,z,width,score,label,integration_time,planning_time
1,4c18ff9871894d15ab25bf9019e51bc4,0.9989094308480854,-0.007466428129313664,-0.03630308652181235,-0.028395198938090126,0.15750000000000003,0.09750000000000002,0.10500000000000002,0.02048394620418549,0.86163867,0,0.022111177444458008,0.14583706855773926
