round_id,scene_id,qx,qy,qz,qw,x,y,z,width,score,label,integration_time,planning_time
0,e3be00e264fe4cbaae566de5738469cf,0.4130509488719043,0.8671069130473871,0.1461623457571669,-0.23696219880861422,0.24749999642372136,0.18749999552965166,0.12000000178813935,0.06313168555498123,0.9749937,1,0.0028235912322998047,0.27486252784729004
