{
    "T_cam2gripper": [
        [
            0.9997398852698783,
            0.018917486660362165,
            0.012739328829470101,
            -39.28902586136575
        ],
        [
            -0.01822288493478639,
            0.9984496906851509,
            -0.05259412168085141,
            67.12471182124304
        ],
        [
            -0.013714527524631818,
            0.05234829385167858,
            0.9985347103959853,
            -194.23089362535373
        ],
        [
            0.0,
            0.0,
            0.0,
            1.0
        ]
    ],
    "T_target2cam": [
        [
            0.9972164796264291,
            -0.0743498691407182,
            0.0056026529635430705,
            -97.5026952652375
        ],
        [
            0.07435177809842566,
            0.9972320669858469,
            -0.00013292380532559342,
            -69.76438911700637
        ],
        [
            -0.005577262327906792,
            0.0005491210191131783,
            0.9999842961822112,
            449.6762303601353
        ],
        [
            0.0,
            0.0,
            0.0,
            1.0
        ]
    ],
    "T_gripper2base": [
        [
            0.999169482226071,
            -0.04064495255886718,
            -0.0028868009236678494,
            43.309
        ],
        [
            -0.0407386559532596,
            -0.9979090374452642,
            -0.050178829163191725,
            -366.432
        ],
        [
            -0.0008412486002360546,
            0.0502547591433316,
            -0.9987360769914337,
            271.278
        ],
        [
            0.0,
            0.0,
            0.0,
            1.0
        ]
    ],
    "intrinsic_matrix": [
        [
            917.7879426865929,
            0.0,
            637.483366740201
        ],
        [
            0.0,
            917.9376006358273,
            357.7352555683987
        ],
        [
            0.0,
            0.0,
            1.0
        ]
    ],
    "distortion_coefficients": [
        [
            0.04684414002005302,
            0.4663341554612954,
            0.001128996643510057,
            -0.0020746029755502322,
            -1.7856483826890697
        ]
    ]
}