{
    "camera_matrix": [
        [
            893.9781447903973,
            0.0,
            616.090673299061
        ],
        [
            0.0,
            894.4903218086403,
            374.03198953316155
        ],
        [
            0.0,
            0.0,
            1.0
        ]
    ],
    "distortion_coefficients": [
        [
            0.06304809508921441,
            0.10747333606652092,
            0.00031487949421151455,
            -0.0009287475679598388,
            -0.787306905474421
        ]
    ]
}