round_id,scene_id,qx,qy,qz,qw,x,y,z,width,score,label,integration_time,planning_time
0,0c45fe5e3a7b4f95a74ca89ecfb590e3,0.4130432442510127,0.8671067014385683,0.14616183358969337,-0.23697671847804552,0.24749999642372136,0.18749999552965166,0.12000000178813935,0.06313137710094453,0.97499263,1,0.002520322799682617,3.240621328353882
0,1414b97e9e2b462d86e3851c79058b39,0.6282491134858054,0.7702241597508453,0.05855993597753716,0.09288987586766799,0.04500000178813935,0.10500000268220903,0.12750000134110454,0.06376583576202394,0.9444061,1,0.0029754638671875,2.8336684703826904
0,1223e0172d1e4e2a87273a13b120f5f3,-0.022026277051337202,0.99805505389562,0.04723013717210529,0.034209160401460846,0.1799999959766865,0.04500000178813935,0.1125000022351742,0.06106777489185334,0.7747129,1,0.02820611000061035,3.0134353637695312
0,f864269ceae74e86b85dc8f1faea3def,-0.27692193763544537,0.8291763953930441,0.18153058628749721,0.45036362200043,0.06749999821186067,0.14999999608844522,0.09750000089406968,0.05675574839115144,0.64408845,1,0.0022058486938476562,2.9138567447662354
0,71c031af490c4ce0b6c7440fb1820852,-0.1983188926527238,0.9631820624506346,0.1262901088970365,0.1303868850195974,0.14999999608844522,0.1125000022351742,0.1125000022351742,0.05143395066261292,0.8463989,1,0.005482912063598633,2.8797144889831543
1,7cc92a045a7a4e0eb180644079999eef,0.5799780675552506,0.7816257522314167,0.17861840360914133,0.1441599476126118,0.04500000178813935,0.1350000020116568,0.18749999552965166,0.04588775038719178,0.9860909,1,0.015931129455566406,2.937372922897339
